bernie,bern
bernie,bernard
bernie,sanders
bernie,berniesanders
bernie,bernies
bloomberg,mikebloomberg
bloomberg,blooming
bloomberg,mike
bloomberg,michaelbloomberg
bloomberg,vettingbloomberg
bloomberg,bloomy
bloomberg,bloomberg2020
bloomberg,bloomberg‚Äôs
bloomberg,bloombergisanoligarch
bloomberg,bloombergistrump
bloomberg,neverbloomberg
bloomberg,maybebloomberg
immigration,immigrant
immigration,immigrants
immigration,standupforimmigrants
immigration,foreign
climate,climatecrisis
climate,climatechange
climate,climateemergency
climate,endclimatesilence
climate,climatechangeisreal
climate,warming
climate,hospitals
climate,health
climate,energy
economy,money
economy,hospitals
economy,taxes
economy,wealth
economy,socialist
economy,socialism
economy,billionaire
economy,billionaires
